factor,mean_ic,mean_ric,std_ric,icir,valid_days
macd,-0.07200909748827265,-0.11528352912739807,0.15015327499855252,-0.7677723255021205,446
ma_ratio_50,0.06303302934098426,0.11375628610508476,0.15170339515930534,0.7498598563705715,446
macd_signal,-0.07123485557008381,-0.11343542451556284,0.15079309541993907,-0.7522587436756305,446
return_60d,-0.06983788403837372,-0.10766426124092099,0.1465096765874093,-0.7348610941522848,446
oc_ratio_mean,-0.05961189265416767,-0.10674164134035788,0.13569497946228729,-0.7866292604438162,446
roc_30,-0.05703163747580477,-0.10540143403269835,0.15352709511691337,-0.6865331096926797,446
cmo_21_sub_rsi_12,-0.05947834732906799,-0.10449845689743907,0.13489594845069022,-0.7746597143770954,446
rank_dynamic_pb,-0.05763888405979934,-0.1042168005737778,0.14783338074686167,-0.7049612208505907,446
trix_30,-0.06381261946477423,-0.0958212989146733,0.1650013305775803,-0.5807304618650942,446
momentum_20d,-0.05249032980304445,-0.09487147806597071,0.15030502551252806,-0.6311929873433479,446
return_20d,-0.05327605530127745,-0.0940294287170667,0.15100408840649907,-0.6226945886653209,446
plus_di,-0.0432809435386717,-0.09288406145884222,0.1215499524567021,-0.764163700450059,446
cr_52,-0.046474588762176555,-0.0922300563308415,0.14241239118776913,-0.6476266254755684,446
amount_per_volume,-0.05231828135598026,-0.09203003422124918,0.14978088652574695,-0.6144310956887644,446
bias_18_sub_roc_30,0.05118848204211306,0.09054942240999385,0.14912573973135865,0.6072018323135454,446
rsi_21,-0.045889873624023095,-0.0902153258938268,0.13420877656529015,-0.6722013880361891,446
cmo_21,-0.04587901135491919,-0.0901907531068891,0.1342097045065079,-0.6720136478842758,446
cmo_21_sub_rsi_21,-0.04582988243775217,-0.0900636894857351,0.13421706572126532,-0.6710300884745495,446
ar_26,-0.03053047517325767,-0.08955944999638304,0.1097934305636795,-0.8157086406407451,446
price_percentile_60d,-0.047886368582323674,-0.08665293260113943,0.1363541510580355,-0.6354990436943715,446
market_cap,-0.05142741950694817,-0.08622549001215793,0.18636622347458778,-0.4626669382712223,446
atr_14_mul_cci_20,-0.04810593893737873,-0.08424996949499197,0.14792915588378663,-0.56952917084972,446
bias_18_sub_cmo_21,0.03920998705380566,0.08209253758121202,0.1297081907919425,0.6329017240930602,446
ma_slope_14,-0.05221332333544727,-0.08161350166375923,0.14031583765525127,-0.5816414100329812,446
bias_18,-0.04512124300854965,-0.08145655263116097,0.14921020139034497,-0.545918120022267,446
drawdown,-0.07464631359400249,-0.08128680575480801,0.151075525247294,-0.5380540999063247,446
bb_position,-0.0375106072951671,-0.0797244323389302,0.1364354043467771,-0.5843383007558293,446
roc_30_sub_rsi_21,-0.04839535852816149,-0.07834499661658728,0.14152857648632405,-0.5535630934870441,446
adx_20_mul_mfi_15,-0.04247389393418903,-0.0781382428661023,0.12299003273105694,-0.6353217503158787,446
adx_20,-0.04780167102475363,-0.07647119166167092,0.13303349142269416,-0.5748266157932747,446
minus_di,0.038721844120351005,0.07600189113154643,0.12102996489391614,0.6279592925451377,446
momentum_10d,-0.04049641841090487,-0.07501983425119949,0.1428925303748616,-0.5250087884537691,446
rsi_12,-0.03522955625052506,-0.07422198969304042,0.1335830566601619,-0.5556242801200658,446
sharpe_ratio,-0.03665107553085525,-0.07413836334220324,0.1381947333380604,-0.5364774876104825,446
mtm_10,-0.04652827375386388,-0.07390032669095933,0.13450711802455179,-0.5494157318683328,446
adx_20_mul_cci_20,-0.03971098460508899,-0.07380145857269188,0.13300266986096348,-0.5548870458754057,446
days_above_ma20,-0.04341643205160739,-0.07327548906637926,0.13392495387923264,-0.5471384304709616,446
return_10d,-0.040129567385874754,-0.07321143711904213,0.14336708271434243,-0.5106572285139904,446
aroon_up,0.05233725337750471,0.07143764554648903,0.11668695266256496,0.6122162239772619,446
hl_range_std,-0.019885145896115817,-0.07113650459749545,0.17422880723401618,-0.408293586616524,446
aroon_down,-0.037491887420401764,-0.06966353136341409,0.12767424043002504,-0.5456349779624878,446
adx_20_mul_atr_14,-0.019718465705165434,-0.06826772794457987,0.19136114663318562,-0.3567481129042366,446
max_drawdown_20,-0.06463044199114867,-0.06567979931757169,0.1556146792168507,-0.4220668618674861,446
atr_14_mul_mfi_15,-0.009586911078863567,-0.06546454627529548,0.17726638091710722,-0.3693004050548525,446
cci_20,-0.03326260435506078,-0.06459800949988091,0.12848124922318407,-0.5027816112502772,446
vrsi_21,-0.03555317462300434,-0.06362385579905,0.11141365761258919,-0.5710597530177559,446
is_limit_up,-0.047820816919457616,-0.06240047769687734,0.09854787175597013,-0.6331996478969832,417
oc_ratio_std,-0.012163268430926544,-0.06175129576736038,0.1954448876263766,-0.3159524739547428,446
cci_20_mul_mfi_15,-0.031628066416645916,-0.06167885099382438,0.12718844413573832,-0.4849406831960248,446
br_26,-0.018922038839030365,-0.0613808774754359,0.1214976202582841,-0.5052023022751406,446
vroc_18,-0.03387521616404542,-0.05976428286364974,0.11413492402919374,-0.5236283580331912,446
amount_change_rate,-0.03368275734743793,-0.05956777201062503,0.11996200436619897,-0.4965553245408186,446
high_position,-0.03015388175117672,-0.05874973462585007,0.12496340489029538,-0.47013551429257316,446
kdj_d,-0.03280203679076806,-0.05795541865062085,0.13819485592710862,-0.41937464503881133,446
low_position,-0.030875424601630484,-0.057661076100878984,0.13153186803912742,-0.4383810323725218,446
hl_range_mean,-0.0014267825299816375,-0.057614346756399856,0.2109127068957883,-0.2731667883095684,446
willr_20,-0.030832119848367107,-0.0575534450815739,0.1315908011712547,-0.4373667807271177,446
roc_30_sub_rsi_12,-0.039092017412452634,-0.05713659546454165,0.12831863646793198,-0.4452712173170622,446
kdj_k,-0.03128759880733203,-0.0560854520162595,0.13614461120780805,-0.4119549904964798,446
momentum_5d,-0.028302468554389865,-0.055529996414948,0.14537625465911952,-0.3819743227334862,446
price_volatility_20,-0.004705339090537953,-0.05452117637424507,0.19830690888821684,-0.2749333176534862,446
return_5d,-0.028163288802962413,-0.054306629116048825,0.14581295987651804,-0.37244034523432273,446
volume_change_rate,-0.029961969332788517,-0.053967807597105684,0.11523669806998339,-0.4683213637753745,446
return_skewness,-0.04277754933342252,-0.05331544905821903,0.10354166737669004,-0.514917814335118,446
bb_width,-0.012432727002454706,-0.053307843089478044,0.20666670040652035,-0.2579411341286222,446
price_var_30,-0.005390878391071187,-0.053119767510528285,0.21492919792256804,-0.24715007557821717,446
sqrt_atr_14,0.0014023899333394977,-0.05196811608325922,0.21917910808168903,-0.2371034198382196,446
atr_14,0.0014024154464865129,-0.05196807843256111,0.21917909214394846,-0.23710326529881995,446
vmacd,-0.028808419333323246,-0.05166216212986855,0.10460340680569775,-0.4938860378212319,446
amount_ma_10,-0.02406909996209787,-0.05023616492547739,0.10202224849005549,-0.4924040164668014,446
bias_18_sub_rsi_21,0.020405508793000966,0.04784605855001938,0.12447440652751547,0.3843847091525827,446
mfi_15,-0.02388913958164881,-0.0478396956706157,0.11468577612944073,-0.4171371314313745,446
dupontAssetTurn_div_inv_pb,-0.03721502444880226,-0.04771525746453761,0.12502584085271728,-0.3816431638380025,446
macd_hist,-0.018744063119771122,-0.04657852018204113,0.14880078900744861,-0.31302602958449044,446
vmacd_signal,-0.02265571037211012,-0.04570559881588444,0.11080100393965067,-0.41250166686917966,446
kdj_j,-0.02526141796262896,-0.04535566388488914,0.12751467524536822,-0.35568975725824636,446
volume_volatility,-0.020104124867747538,-0.04533913552885983,0.09777030458227168,-0.463731147433502,446
vr_30,-0.01163394499329778,-0.044993653456683574,0.10687698516580843,-0.42098542906015396,446
bias_18_sub_rsi_12,0.011971728369801243,0.044527850017643596,0.12158727195535342,0.3662213100232574,446
price_volatility_60,0.0024671982307027007,-0.0430816507996578,0.21818077492079563,-0.19745851033528217,446
vol_ma_14,-0.018779882304365423,-0.041376639918081784,0.10233030729082473,-0.4043439428017016,446
dynamic_pb,-0.019483145993233555,-0.040770643941529,0.14305807764516545,-0.28499365161787366,446
ad,-0.039139516699408995,-0.039302226986785725,0.12761154017631565,-0.3079833291917286,446
epsTTM,-0.05824305615272316,-0.0384008470736968,0.1583567070063655,-0.24249586771309403,446
intraday_drawdown_avg_5d,0.013074196004617091,-0.03823816603077967,0.17156232334285276,-0.2228820715744443,446
obv,-0.011730151869248702,-0.0375962507084723,0.0983370340794503,-0.3823203644528961,446
roeAvg,-0.05589864005229811,-0.03750097801928519,0.16316859758415014,-0.22982962760309925,446
dupontROE,-0.05589864005229811,-0.03750097801928519,0.16316859758415014,-0.22982962760309925,446
psy_30,-0.014213253322452208,-0.03633591324223927,0.11211835410668397,-0.3240853251169256,446
cmo_21_sub_stochrsi_d,-0.02288246328041341,-0.03556943031959569,0.12344967317782085,-0.288128995435738,446
inv_pb,0.004526851039918971,0.03366785049051197,0.13863026791696195,0.24286074748610204,446
price_volume_corr,-0.011115665059939758,-0.0336336750729991,0.09988493501168041,-0.3367242023941451,446
adosc,-0.032751201416592435,-0.03235052015412769,0.12108319364103841,-0.2671759736535659,446
roc_30_sub_stochrsi_d,-0.021941782304760276,-0.031141671352075656,0.1275009305383952,-0.24424662016641327,446
rank_YOYEquity,0.029306815463599357,0.030774133751300437,0.08189818792856492,0.3757608627207106,446
rank_assetToEquity,0.030958754265390114,0.030351394549122612,0.07427823169376528,0.40861762399319784,446
totalShare,-0.01676899855808366,-0.030289168226957503,0.14586847526484242,-0.20764711615696083,446
rank_dupontROE,0.02400459106256471,0.02920218443414622,0.12586338809671893,0.2320149240834514,446
dupontAssetTurn_div_dynamic_pe,-0.05321347788587521,-0.02897109819638999,0.1479281211474433,-0.195845779502018,446
MBRevenue,-0.03532008576419046,-0.02844339152735526,0.1130135100331524,-0.2516813389745299,309
sqrt_natr_28,0.01797681269122943,-0.027836020775756712,0.22274987340842228,-0.12496537192062987,446
natr_28,0.017976945472073392,-0.027835888616875925,0.22274992932879892,-0.12496474724258004,446
bias_18_x_YOYEquity,-0.02231425094001133,-0.027528196171873277,0.11222167914951799,-0.24530194504750036,446
acceleration_10d_div_inv_pb,-0.01818455359340481,-0.02599160908054492,0.133549891580967,-0.19462096728687378,446
dupontAssetTurn,-0.025278964233970195,-0.025961085040301812,0.08454635833612986,-0.30706331474489607,446
log_dupontAssetTurn,-0.025278964233970195,-0.025961085040301812,0.08454635833612986,-0.30706331474489607,446
downside_risk,-0.0195083360994323,-0.02594637912413755,0.0,0.0,1
acceleration_10d,-0.012314176054609475,-0.025884361184738084,0.13482169486255385,-0.191989584548142,446
liqaShare,-0.01178853761030928,-0.025815566390794714,0.1388677031533534,-0.18590043476333912,446
rsi_12_sub_rsi_21,-0.0061765561989261565,-0.025180580970423215,0.139999201263432,-0.17986231880738895,446
rank_acceleration_10d,-0.013238212232402697,-0.02445105902581024,0.1267340800718788,-0.19293199597095365,446
log_assetToEquity,-0.02727027079589921,-0.023888503573089172,0.10195283139802207,-0.23430936880829598,446
assetToEquity,-0.02727027079589921,-0.023888503573089172,0.10195283139802207,-0.23430936880829598,446
consecutive_up_days,-0.010951278031766952,-0.02343966085671525,0.12424878466305761,-0.18865102721350374,446
dupontAssetStoEquity,-0.02735439754817332,-0.02341331792383332,0.09624818895008763,-0.24325982835869248,446
log_dupontAssetStoEquity,-0.02736906532971135,-0.02340836174467599,0.09625099233555538,-0.24320125098625997,446
return_kurtosis,0.00857787154471075,0.022908728313099317,0.12269875034641127,0.18670710376773905,446
cci_20_x_YOYEquity,-0.019463660365646306,-0.022831996388606925,0.10838052064171382,-0.21066512924481448,446
inv_pe,-0.04705851508357131,-0.021073766410437185,0.16617343666470366,-0.1268179008234557,446
acceleration_10d_div_dynamic_pe,-0.019751262428740844,-0.020677715451050835,0.10848430829482104,-0.1906055887350666,446
acceleration_10d_div_peg,-0.016900805770087877,-0.020248686846734296,0.10627092458610742,-0.19053835209956727,446
roe_to_pb,-0.04568897985364361,-0.02007944580885957,0.1775906419736334,-0.11306590023949988,446
acceleration_10d_div_npMargin,-0.025709621125433277,-0.019528185743668002,0.10191338207895348,-0.19161552040868676,446
price_skewness,-0.009665297916891599,-0.018070280042584513,0.08998826688947781,-0.20080706815676483,446
rvi_14,-0.0039397068948920574,-0.017704113194858945,0.10218896602693202,-0.1732487751191553,446
liabilityToAsset,-0.012901727047231215,-0.017151926705565316,0.10018779941559981,-0.17119775866535963,446
currentRatio,0.013250972015152396,0.01682859011538283,0.09854496579851255,0.17077067284990466,446
kdj_d_x_YOYEquity,-0.019355887545011847,-0.016675815393291524,0.13886651788203327,-0.12008521310700383,446
cashRatio_div_inv_pb,-0.008356179655248774,-0.016675049500480238,0.10010879665269264,-0.1665692732111342,446
adx_20_x_YOYEquity,-0.01603215009106927,-0.0159964590114666,0.13468819104724034,-0.11876660371699568,446
stochrsi_d,-0.004641606530111103,-0.01576129708027062,0.13286874953858435,-0.11862305572232112,446
rank_YOYPNI,0.012714463868986647,0.015658510818553427,0.10040683545560203,0.1559506456657258,446
rank_YOYNI,0.014868522202911337,0.015552409075002802,0.09553913153054389,0.1627857488952649,446
rank_dupontAssetStoEquity,0.02070329632988093,0.01544676580037654,0.0703730760646152,0.21949823233808366,446
dupontTaxBurden,0.029185481446512805,0.015341105110345603,0.09417664667015807,0.16289712633404654,446
bias_18_x_YOYAsset,-0.009738093037290165,-0.0153052628358092,0.09833062158129452,-0.15565103311337886,446
dupontNitogr,-0.031054382344024564,-0.015251266776302792,0.15117598091714904,-0.10088419260637141,446
npMargin,-0.030933747421641112,-0.015229252225972639,0.15117658371836054,-0.10073816891076519,446
acceleration_10d_div_roe_to_pb,-0.0193804294935551,-0.015136072275891187,0.10443598704123301,-0.14493157679368915,446
rsi_12_sub_stochrsi_d,-0.010691921613073424,-0.015049837488547413,0.1265488987131426,-0.11892507672201835,446
quickRatio,0.014471797770778788,0.01492778373261902,0.1002303009017188,0.14893483904888716,446
rank_YOYAsset,0.01615676465291841,0.014866281259503194,0.06513600919931418,0.22823445037924922,446
cmo_21_x_YOYEquity,-0.009635726094404055,-0.01459717952589565,0.10841471085256554,-0.134642055594711,446
acceleration_5d,-0.004554835634293026,-0.014487662247681594,0.1419427230951779,-0.10206696005097124,446
dupontEbittogr,-0.02789681585733715,-0.013621334820251936,0.1481544479689279,-0.09194010039515457,446
stochrsi_k,-0.0039038533005016705,-0.013513896103874799,0.13590966788556638,-0.09943292713549465,446
atr_14_x_YOYEquity,-0.009669228252688922,-0.013492807247321112,0.1410542857565798,-0.09565684002403103,446
YOYAsset_div_roe_to_pb,-0.013501024858422106,-0.013137434427611835,0.10631119106352821,-0.12357527270822616,446
cci_20_x_YOYAsset,-0.008227443064797666,-0.012956205583063431,0.09438851201252821,-0.13726464488966358,446
sue,0.00856375331670268,0.0128695867531844,0.09497172399719393,0.1355096676308061,446
bias_18_x_YOYLiability,-0.014456207698637437,-0.011138982851588037,0.07518011829133511,-0.14816394420161294,446
dupontAssetTurn_div_npMargin,-0.0226507538730229,-0.011024102000535867,0.07365222016590182,-0.14967779621176452,446
rank_YOYLiability,0.007176488240246688,0.01030620389617142,0.06233913858058543,0.16532477237953253,446
cashRatio_div_dynamic_pe,-0.020577443468293096,-0.010292047715615007,0.1372184024996983,-0.07500486471293553,446
rsi_21_sub_stochrsi_d,-0.008906122363172538,-0.010090927106738505,0.13009101723566185,-0.07756820817580845,446
rank_acceleration_5d,-0.0015187323755148393,-0.009932276432824967,0.13488733183710375,-0.07363387130245595,446
rank_YOYEPSBasic,0.007227155430862295,0.00991736609484798,0.09289435316485559,0.10675962270008017,446
cci_20_x_YOYLiability,-0.011878243917979087,-0.009878801984317032,0.06989894415721389,-0.14132977405349684,446
dupontAssetTurn_div_roe_to_pb,-0.005545798139530616,-0.00965729172957692,0.08856953883385937,-0.10903626525246195,446
rank_currentRatio,-0.017276683036135675,-0.008932005087186664,0.08271965564841624,-0.1079792344053076,446
YOYAsset_div_peg,-0.008793805878145183,-0.0088898264070801,0.12745676538803946,-0.06974777980607942,446
dupontIntburden,0.001406083544190415,-0.008542776491421647,0.07793938408324051,-0.10960795484729292,446
rank_dupontAssetTurn,-0.0013809307139689266,0.008455176307292825,0.08212409972615252,0.1029560912751201,446
dupontPnitoni,0.0006752854937886642,0.008372498039317555,0.06368658535987294,0.13146407507966068,446
YOYAsset_div_dynamic_pe,-0.0064590245946176085,-0.00831483883845487,0.08471755946537163,-0.0981477617028565,446
amount_std_30,0.007907572585979024,-0.008304222443286194,0.10834925887776309,-0.07664309409494724,446
YOYEquity,-0.012522511399850472,-0.008057991153770795,0.14146748409421883,-0.05696002304249709,446
kdj_d_x_YOYAsset,-0.012691512471631892,-0.007498151465054106,0.1245866915184273,-0.06018420887230217,446
gpMargin,-0.013343606189017074,-0.007492320410165199,0.09658478586900916,-0.07757247006093156,446
YOYAsset_div_npMargin,-0.002968156823449516,-0.007288189118786356,0.09505619105595245,-0.07667242962108956,446
YOYLiability_div_dynamic_pe,-0.009516487105529985,-0.007114215982694947,0.08261089381741508,-0.08611716510922449,446
log_YOYEquity,-0.010115590736707807,-0.006906629338266368,0.13600323218861196,-0.05078283234245579,446
bias_18_sub_stochrsi_d,-0.009891475471449916,-0.006457451470853344,0.12908624441979413,-0.05002431901150852,446
adx_20_x_YOYAsset,-0.008300311520070517,-0.006312435792289604,0.12472294733981322,-0.05061166310551571,446
price_kurtosis,-0.013573972474811541,-0.006109413297900407,0.10215535821144933,-0.0598051184476751,446
vol_std_30,0.007698370067390931,-0.005563693081720315,0.1030983012734333,-0.0539649345624474,446
cmo_21_sub_roc_30,-0.00010310727702489177,-0.005320736006618253,0.12080938585897694,-0.044042405884169036,446
cmo_21_x_YOYAsset,-0.0041156735902514825,-0.005034590380031361,0.09262365381589774,-0.05435534199545077,446
YOYLiability_div_npMargin,0.006500700954325378,0.004589554153846556,0.08531679769187799,0.0537942618336632,446
cmo_21_x_YOYLiability,-0.012508395916448914,-0.004223757312364831,0.07770870020334689,-0.05435372488939038,446
cmo_21_x_YOYNI,0.014816891607779874,0.0040008812315656785,0.08487614595357344,0.04713787586154215,446
dupontAssetTurn_div_peg,-0.01388390375791369,-0.00394030023862067,0.13232433974974422,-0.029777592286292034,446
atr_14_x_YOYEPSBasic,0.007441479989294216,0.003935959757892459,0.10905464103012927,0.03609163003713931,446
cashRatio_div_npMargin,-0.01081655481462807,-0.0038283333042646544,0.07658749562384873,-0.04998640147560253,446
YOYLiability_div_roe_to_pb,0.0067063827176734,0.003679026684240168,0.09189343855696301,0.040035793001255565,446
atr_14_x_YOYNI,0.007859249348111772,0.0035535913051350488,0.11335423501607865,0.03134943572801662,446
bias_18_x_YOYEPSBasic,0.010800814743203312,0.003536027844648376,0.08028437630086516,0.04404378544833101,446
cci_20_x_YOYEPSBasic,0.011574139061518446,0.0032431557078899977,0.08156464428177848,0.03976178326341966,446
YOYPNI,0.007534286810446017,0.0031878429101578802,0.11192804050307165,0.028481182158016927,446
log_cashRatio,-0.004151873914094302,-0.003088293576017086,0.08262192909675323,-0.037378618603792026,446
bias_18_x_YOYNI,0.011413388717144564,0.0030263066545816895,0.08258859196932353,0.03664315594223682,446
ulcer_7,0.0164022041306381,0.0028802345173599454,0.1616984096257263,0.017812386182564525,446
cmo_21_x_YOYEPSBasic,0.01172744649957596,0.0028465425954050327,0.08376791585327738,0.03398129900224398,446
atr_14_x_YOYAsset,-0.005622817530182364,-0.002819863373977825,0.12965652746388823,-0.021748718935598592,446
YOYLiability_div_peg,-0.004371986128831869,0.0026977470467325405,0.09447422703019506,0.02855537569913442,446
YOYAsset_div_inv_pb,0.002933611560616335,-0.0026699077362566715,0.12214658288540868,-0.021858227002235785,446
cci_20_x_YOYNI,0.011784893141005871,0.002621848755326492,0.08396630178752297,0.031225011695299974,446
kdj_d_x_YOYLiability,-0.010211108706019248,0.002551737401630883,0.10165999043584614,0.025100704718649273,446
cashRatio,0.00046283464472002023,-0.002545077532509582,0.09081178858951537,-0.028025849639563456,446
log_YOYAsset,-0.003374000019026941,0.002337861940220703,0.121959064853041,0.01916923471853277,446
YOYLiability,-0.008593817320410018,0.0019677163286227696,0.10404422619571048,0.01891230681961566,446
YOYNI,0.006488995952283022,0.001533335310700651,0.11339156843589153,0.013522480832140148,446
rank_cashRatio,0.015793024979433093,0.001362945573575631,0.06902013030871265,0.019747073317298296,446
roe_x_np_growth,0.010162826831264855,0.0013497631052768926,0.0859999900581383,0.01569492164318178,446
YOYAsset,-0.008973965949946289,-0.0012916774703546257,0.12810123424313372,-0.010083255465775187,446
cashRatio_div_roe_to_pb,0.001482547470395767,0.0012316402129545871,0.09795450134509003,0.012573594842931872,446
YOYLiability_div_inv_pb,-0.006454471366531152,-0.0011585943907902998,0.10312041461127637,-0.011235354271583833,446
dynamic_pe,0.0009313931606842832,0.001011954093126217,0.095546281203818,0.010591245209926388,446
cashRatio_div_peg,-0.006232007471286942,0.000837499135156109,0.12573243544139734,0.006660963276627686,446
adx_20_x_YOYEPSBasic,0.004909540148951931,0.0007703455105085091,0.10954105880646398,0.007032481873938682,446
YOYEPSBasic,0.004605540642119368,0.0006258292163454215,0.11003795191363319,0.005687394262268926,446
adx_20_x_YOYNI,0.004991247261731241,0.0006075321569749861,0.11394865249013471,0.005331630903029627,446
kdj_d_x_YOYNI,0.0058376763178144215,-0.0005087602736448064,0.1127380981052119,-0.004512762608164722,446
atr_14_x_YOYLiability,-0.010624888200806242,0.0004124812486915173,0.10646086889719013,0.0038744869637486502,446
peg,-0.010868890991147993,-0.00023509996297666022,0.1238227337886256,-0.0018986817346319693,446
adx_20_x_YOYLiability,-0.009384103413062483,-7.702893482104448e-05,0.10627297388518073,-0.0007248214856984048,446
kdj_d_x_YOYEPSBasic,0.005587284161674661,-6.841423572152048e-05,0.10775275530684174,-0.0006349186665965147,446
eav,0.001639538045767266,3.569067194308458e-05,0.08014748395628149,0.0004453124437761886,231
adv_vol_ratio,,,,0.0,0
breadth_ma20,,,,0.0,0
down_ratio,,,,0.0,0
limit_down_ratio,,,,0.0,0
limit_up_ratio,,,,0.0,0
market_type,,,,0.0,0
mean_return,,,,0.0,0
strong_up_ratio,,,,0.0,0
total_volume,,,,0.0,0
up_ratio,,,,0.0,0
