feature,group,dir_agree_eff_ic,dir_agree_raw_ic,mean_val_ic,median_abs_val_icir,cluster_id,in_cluster
hl_range_std,volatility,True,True,0.08653001374370052,0.6278156496321974,-1,False
is_limit_up,status,True,True,0.051420887608984306,0.6153561803804252,-1,False
atr_14_mul_cci_20,cross_tech,True,True,0.07514648685332562,0.6087295270688925,4,True
idx_idio_vol_20,index_rel,True,True,0.10774863834735378,0.575657672771436,1,True
atr_14_mul_mfi_15,cross_tech,True,True,0.09755156603038456,0.47301532909317373,-1,False
acceleration_10d,momentum,True,True,0.05576336828398226,0.44079214691339563,11,True
vmacd_signal,volume,True,True,0.07140626774326224,0.4064087307607059,-1,False
idx_corr_20,index_rel,True,True,0.0727390269012353,0.40012577113226266,-1,False
downside_risk,volatility,True,True,0.09905909739147001,0.39922799547405907,-1,False
willr_20,reversal,True,True,0.05173815134691788,0.37046440175875706,12,True
roc_30_sub_rsi_12,cross_tech,True,True,0.07177069712294326,0.36802760853042926,-1,False
ma_slope_14,momentum,True,True,0.08208889756906194,0.3613799703700453,-1,False
trix_30,momentum,True,True,0.054822795817235086,0.3390871180835555,0,True
price_volume_corr,volume,True,True,0.05460932955114778,0.3179985085555318,-1,False
vr_30,volume,True,True,0.043912356177528956,0.3104721917961554,-1,False
amount_ma_10,volume,True,True,0.06875990257952662,0.29412092629431597,16,True
consecutive_up_days,momentum,True,True,0.05690714788278753,0.29110614743236485,-1,False
acceleration_5d,momentum,True,True,0.06074703582848402,0.2865661911024596,14,True
sue,quality,True,True,0.040483614172374206,0.27920724768471666,-1,False
aroon_up,momentum,True,True,0.05195429175238636,0.27536427134865343,-1,False
amount_std_30,volume,True,True,0.057796708607646824,0.27139062472824427,17,True
rvi_14,reversal,True,True,0.041450566169701386,0.25860709052020686,-1,False
stochrsi_k,reversal,True,True,0.050257261778051024,0.25760155804199314,-1,False
mtm_10,momentum,True,True,0.07379527668467983,0.2399005133676218,-1,False
market_cap,value,True,True,0.09569839126623858,0.23263622301273884,-1,False
adosc,volume,True,True,0.04029715039614904,0.2287601264343457,-1,False
roc_30_sub_stochrsi_d,cross_tech,True,True,0.062353644196276904,0.22786815470124422,5,True
cmo_21_x_YOYNI,cross_fund,True,True,0.042317804382682456,0.22768764467778405,23,True
rank_YOYNI,growth,True,True,0.03477390421316921,0.2229052264328654,13,True
idx_rs_60,index_rel,True,True,0.0952650881642358,0.21816827091882815,35,True
momentum_5d,momentum,True,True,0.06631285269971954,0.21403731606807563,34,True
max_drawdown_20,reversal,True,True,0.07625962664862151,0.21299371468397976,25,True
minus_di,momentum,True,True,0.07360429644591367,0.20081786794807815,-1,False
